Granularidad,Tiempo_s_p8
512,1.644487
1024,1.889144
4096,1.699124
8192,1.871056
16384,1.670742
32768,1.775163
